priority,prospect,offer,public_source,contact_route,why_fit,personalized_opening,source_note
1,Tighten Up Apparel,ReturnReply Pro,https://tighten-up-apparel.myshopify.com/pages/contact-us,info@tuapparel.com,Apparel store with public contact and FAQ/shipping context,"I noticed your store already exposes customer-service and delivery questions, so returns/exchanges are likely a repeat support workflow.",Search result showed public contact email and apparel storefront.
2,1234 Apparel & Wood,ReturnReply Pro,https://1234apparelandwood.com/pages/customer-service,orders1234clothing@gmail.com,Shopify apparel seller with public customer-service page,Your customer-service page suggests order questions are already centralized; I can turn return rows into a reply queue.,Search result showed public customer-service email and Shopify footer.
3,Shop Elan,ReturnReply Pro,https://primo-golf-apparel.myshopify.com/apps/redo/returns-portal,info@shopelan.com,Returns portal with explicit contact route,I saw your returns portal; I can help convert return reasons into reply templates and store-credit paths.,Search result showed returns portal and contact email.
4,Shogun Fight Apparel,ReturnReply Pro,https://www.shogunfight.com/pages/contact-us,contact form,Apparel store with contact and return/refund policy links,"Your footer has return/refund policy and sizing links, which are good signals for a return-reply cleanup pass.",Search result showed Shopify-powered apparel contact page.
5,Custom Apparel by Dana,InvoiceNudge,https://fca309-86.myshopify.com/pages/contact,dana@customapparelbydana.com,Custom apparel seller with direct contact route,Custom orders often create manual follow-up; I can turn open order or invoice rows into polite reminders.,Search result showed public email and custom apparel context.
6,Phyre Apparel Store,ReturnReply Pro,https://phyre-apparel-store.myshopify.com/pages/returns-policy,sales@phyreapparel.com.au,Returns policy page with public support email,Your returns policy already handles missing refunds and customer follow-up; I can package reply templates from real cases.,Search result showed returns policy and contact email.
7,Felicite Apparel,AltText Cataloger,https://feliciteapparel.com/pages/contact-us,support@feliciteapparel.com,Fashion/apparel ecommerce brand with public contact,I can run a 100-image alt-text pass for product images and return a clean CSV your team can upload.,Search result showed public contact email and Shopify footer.
8,C1 Apparel,ReturnReply Pro,https://c1apparelshop.com/pages/returns-and-exchanges,contact form,Apparel store with returns and exchanges instructions,Your returns page already documents the workflow; I can turn return cases into a decision and reply queue.,Search result showed returns/exchanges page.
9,David Dunleavy Apparel,ReturnReply Pro,https://dunleavyapparel.myshopify.com/pages/returns-and-exchanges,contact form,Apparel store with exchange/credit policy,Your exchange/credit policy is a good fit for store-credit reply templates and triage rules.,Search result showed returns and exchanges page.
10,DTC Outlet,ReturnReply Pro,https://dtcoutlet.com/pages/returns-exchanges,contact form,DTC-branded store with 60-day return policy,I noticed the 60-day return window; a return queue pass can standardize reply handling and exchange paths.,Search result showed returns/exchanges policy.
11,Dialtune Drums,Chargeback Evidence Kit,https://dialtune.myshopify.com/policies/refund-policy,hi@dialtunedrums.com,Physical product merchant with return/RMA language,I can organize one dispute or refund issue into a clean evidence checklist and customer-contact note.,Search result showed refund policy and support email.
12,The Plant Ecologist,InvoiceNudge,https://theplantecologist.myshopify.com/policies/refund-policy,theplantecologist@gmail.com,Small Shopify seller with public contact route,"For small shops, invoice/order follow-up often stays manual; I can build a weekly nudge queue from rows.",Search result showed refund policy and public Gmail.
13,Lone Star Feed Apparel,ReturnReply Pro,https://lonestarfeedapparel.com/pages/lone-star-feed-apparel-replacement-or-returns-policy,contact form,Apparel replacement/returns policy with exchange exceptions,Your policy includes replacement and exchange cases; I can turn those rules into reusable customer replies.,Search result showed replacement/returns policy.
14,Graceful Grit Apparel,ReturnReply Pro,https://gracefulgrit.org/pages/contact,contact form,Apparel store with no-return/refund exception language,Exception-based return policies are a good fit for consistent support replies and approval notes.,Search result showed contact page and return-policy summary.
15,Hudson O'Neal Apparel,ReturnReply Pro,https://racing71-store.myshopify.com/pages/return-exchange-policy,hudsononealracing71@gmail.com,Apparel store with return/exchange policy and support email,Your policy already asks customers to email for service requests; I can build a reply pack for common cases.,Search result showed return/exchange policy and public email.
16,838 Apparel,AltText Cataloger,https://838apparel.com/pages/contact,contact form,Apparel ecommerce store with product-image likely catalog,I can create a 100-product-image alt-text CSV and flag gaps before the next collection update.,Search result showed Shopify-powered apparel contact page.
17,shopthev,ReturnReply Pro,https://shopthev.myshopify.com/pages/returns-exchange-policy,customerservice@brandito.net,Return/exchange policy has explicit customer-service flow and 30-day window,"I saw your return/exchange policy asks customers to email service and complete a return document, which is exactly the kind of repeat workflow ReturnReply Pro can clean up.",Search result showed public return/exchange policy and support email.
18,Render Goods,ReturnReply Pro,https://www.rendergoods.com/policies/refund-policy,support@rendergoods.com,Shopify merchant with 30-day return policy and repeated refund-status language,"Your refund policy includes return authorization, inspection, and missing-refund follow-up; I can turn those cases into a reply queue and customer templates.",Search result showed refund policy and support email.
19,Bentley,ReturnReply Pro,https://bentleycoltd.myshopify.com/pages/returns-exchange-policy,onlineservice@bentleygroup.com,Returns/exchange page points customers to a dedicated service email,"Your return process starts with customer service, which is a good fit for a return triage queue and reusable replies.",Search result showed returns/exchange policy and service email.
20,Santa Barbara Roasting Co.,Chargeback Evidence Kit,https://www.sbcoffee.com/policies/refund-policy,mail@sbcoffee.com,Shopify merchant with refund and return approval workflow,Your refund policy has approval and inspection steps; I can organize dispute/refund evidence into a cleaner packet when issues escalate.,Search result showed refund policy and public email.
21,UCS Store,ReturnReply Pro,https://ucs-store.myshopify.com/pages/returns-exchanges,UCS@grossmanmarketing.com,Store has explicit return/exchange contact and replacement path,I noticed returns and order-error replacements both route through email; I can build a return decision queue and reply pack from sample rows.,Search result showed returns/exchanges page and support email.
22,Assumption - St. Bridget School Store,ReturnReply Pro,https://assumption-st-bridget-school.myshopify.com/policies/refund-policy,store@asbschool.org,Small Shopify store with return process requiring email contact,Your return process asks customers to contact the store first; I can help standardize the replies and approval checklist.,Search result showed refund policy and public email.
23,Duke's Honky Tonk Apparel,ReturnReply Pro,https://dukes-honky-tonk-apparel.myshopify.com/pages/contact,contact form,Apparel store with return/exchange form and contact page,I noticed your apparel store has a printable return/exchange form; I can turn those requests into a cleaner decision queue.,Search result showed contact page and return/exchange form.
24,The Mardi Gras School of Cooking,InvoiceNudge,https://themardigrasschoolofcooking.com/policies/refund-policy,chef@themardigrasschoolofcooking.com,Small business with Shopify refund policy and direct email,"For a small class/product business, follow-up and refund questions can stay manual; I can turn open rows into a polite response queue.",Search result showed refund policy and public email.
25,Victoria Saddlery,ReturnReply Pro,https://victoriasaddlery.myshopify.com/pages/contact,contact form,Returns page mentions store credit preference and customer-paid return handling,I noticed your returns process includes store-credit preference; I can build reply templates that route eligible returns toward credit or exchange.,Search result showed shipping/returns copy and store-credit language.
26,SmithStore,ReturnReply Pro,https://smithstoreoutlet.myshopify.com/pages/returns,smithstore@primetimecustom.com,Returns/exchanges require customers to email specific order details,"Your return page asks customers to email order, items, and tracking info; I can turn that into a clean intake and reply queue.",Search result showed returns page and support email.
27,Boarders Apparel Co,ReturnReply Pro,https://boardersapparelco-shop.myshopify.com/pages/contact,hello@boardersapparelco.com.au,Apparel store with contact plus returns/exchanges navigation,I saw your contact page points customers toward returns and exchanges; I can package common cases into reusable replies.,Search result showed contact page and public email.
28,Frock you up,ReturnReply Pro,https://frockyouup.myshopify.com/pages/returns-refunds,frock.u.up@gmail.com,Returns require explanation and refund/exchange preference by email or WhatsApp,Your return intake asks for reason and refund/exchange preference; I can turn those fields into a decision queue and reply pack.,Search result showed returns/refunds page and public email.
29,Diverse Style by Sydni Dion,ReturnReply Pro,https://diversestylebysydnidion.com/policies/refund-policy,info@DiverseStylebySydniDion.com,Fashion store with short return window and strict eligibility rules,Your return policy has a 7-day window and eligibility requirements; consistent replies could save support time and reduce confusion.,Search result showed refund policy and public email.
30,CriniereLife,AltText Cataloger,https://crinierelife.myshopify.com/pages/contact-us,victoria@crinierelife.com,Equestrian apparel ecommerce store with catalog imagery and public email,Equestrian apparel relies heavily on product imagery; I can run a 100-image alt-text pass and return an upload-ready CSV.,Search result showed contact page and public email.
31,Poco Loco Swim Shop,ReturnReply Pro,https://swim-poco-loco.myshopify.com/pages/returns-exchanges-and-refunds-policy,kenzie.jones64@pocolocosw.com,Returns/exchanges policy requires contact before returns,Your policy requires customers to contact you before returning or exchanging; I can turn those cases into a reply and decision queue.,Search result showed returns/exchanges/refunds policy and public email.
32,Realeather,Chargeback Evidence Kit,https://realeather.com/policies/refund-policy,realeather@silvercreekleather.com,Return validation may require photos and invoice/order details,Your return process includes validation and photos; I can organize a dispute/refund evidence checklist when cases get complex.,Search result showed return policy and support email.
33,Covered in Cotton,ReturnReply Pro,https://coveredincotton.com/policies/refund-policy,hello@coveredincotton.com,Textile/apparel merchant with return/exchange by email,"Your return/exchange intake asks for name, order number, and product info; I can structure that into a decision queue and customer replies.",Search result showed refund policy and public email.
34,Naturally Smart Vitamins,Chargeback Evidence Kit,https://naturallysmartvitamins.com/policies/refund-policy,info@naturallysmartvitamins.com,Consumables merchant with case-by-case refunds and authorization workflow,Case-by-case refunds can become evidence-heavy; I can organize refund/dispute records into a cleaner review packet.,Search result showed refund policy and public email.
